ac_id,requirement,ac_number,design_section,task_ids,test_ids,coverage_status,when_summary,then_summary,notes
Req1.AC1,1,1,"§5.1, §4.5.4",60;61,93,COVERED,the operation is dispatched,"the system MUST route the operation through the `PaymentProvider` interface; no business logic code SHALL reference `NetCred`, `GraphQL`, or any gateway-specific type directly.",Route all ops through PaymentProvider interface
Req1.AC2,1,2,"§5.1, §4.5.4",61;63,93,COVERED,it translates a `CreateChargeInput` to a NetCred `chargeCreate` mutation,"all NetCred-specific field mappings (GraphQL variables, `companyId`, `payoutRuleInput`, `orderInput`) MUST be encapsulated entirely within the adapter; the calling cron code MUST N…",NetCred field encapsulation in adapter
Req1.AC3,1,3,"§5.1, §4.5.4",61;62,93;129,COVERED,the error is classified as `ProviderAuthError`,"the adapter MUST attempt exactly one token refresh via `refreshAuthToken()` and retry the original operation once; if the retry also fails, the error MUST be propagated as-is to th…",ProviderAuthError single refresh retry
Req1.AC4,1,4,"§5.1, §4.5.4",60;61,93,COVERED,a new `PagarMeAdapter` is created and registered under `gateway_slug = 'pagarme'`,"the charge execution cron MUST route requests to the correct adapter based on `payment_schedules.gateway_slug`, requiring zero changes to scheduling or state management logic.",Future adapter via gateway_slug routing (Option A constant)
Req1.AC5,1,5,"§5.1, §4.5.4",60;61,93,COVERED,the type system is designed,"the `paymentMethod` field MUST use a discriminated union: `'CREDIT_CARD' | 'PIX' | 'BOLETO'`; each method type MUST carry method-specific subfields (e.g., `CreditCardCharge` with `…",Discriminated union paymentMethod types
Req1.AC6,1,6,"§5.1, §4.5.4",61;65,93,COVERED,the gateway has no record for the given `referenceCode`,"the adapter MUST return `null` (not throw); the cron MUST treat `null` as ""no prior charge exists"" and proceed with a new `createCharge` if within retry budget.",getTransaction null = no prior charge
Req1.AC7,1,7,"§5.1, §4.5.4",61;68,93,COVERED,the gateway returns a specific error code,the adapter MUST map the error to an internal `RefundError` type with `code: 'ALREADY_REFUNDED' | 'TRANSACTION_NOT_FOUND'`; the caller MUST handle both cases idempotently (no re-th…,RefundError ALREADY_REFUNDED idempotent
Req2.AC1,2,1,"§6.3, §3.2",6;62,93,COVERED,any NetCred API operation is initiated,"the adapter MUST read the cached token from `payment_gateway_tokens` WHERE `gateway_slug = 'netcred'`; if `expires_at - now() < 60 minutes`, it MUST refresh the token via `tokenAut…",Read cache; refresh if expires_at - now() < 60min
Req2.AC2,2,2,"§6.3, §3.2",6;62,93;129,COVERED,multiple concurrent Edge Function invocations attempt the refresh simultaneously,the adapter MUST use `SELECT ... FOR UPDATE` on the `payment_gateway_tokens` row to serialize the refresh; only one invocation MUST call `tokenAuth`; all others MUST wait and reuse…,SELECT FOR UPDATE serializes refresh
Req2.AC3,2,3,"§6.3, §3.2",6;62;90,93,COVERED,the result is persisted,"`payment_gateway_tokens` MUST be upserted with `token`, `expires_at = now() + interval '24 hours'`, and `refreshed_at = now()`; the token MUST be stored encrypted at rest (Supabase…",Upsert token + expires_at; Vault for credentials
Req2.AC4,2,4,"§6.3, §3.2",62;29;82,129,COVERED,the error is caught,"the adapter MUST emit a `CRITICAL` Sentry alert with `{ gateway_slug: 'netcred', error_type: 'AUTH_FAILURE' }`; the charge execution MUST be aborted; the schedule MUST be set to `F…",AUTH_FAILURE CRITICAL; abort charge; FAILED without attempt increment
Req2.AC5,2,5,"§6.3, §3.2",62;82,129,COVERED,`tokenAuth` responds with `user.sandbox = true`,"the adapter MUST raise a `CRITICAL` error, emit a Sentry alert, and abort the operation; this assertion prevents sandbox credentials from executing real charges.",Sandbox assertion in production
Req3.AC1,3,1,"§4.1.1, §3.4, §3.11",77,94,COVERED,they first access the provider dashboard,the app MUST present a blocking KYC onboarding screen that CANNOT be dismissed until all required fields for the provider's entity type (CPF or CNPJ) are submitted.,Blocking KYC screen on dashboard
Req3.AC2,3,2,"§4.1.1, §3.4, §3.11",15;21;106,115,COVERED,they submit KYC,"the system MUST collect and validate: full name, CPF (validated check digits, digits only), mobile phone, email (must match Prestway account email), identity document upload (CPF/CNH…",CPF natural person fields validation
Req3.AC3,3,3,"§4.1.1, §3.4, §3.11",15;21;106,115,COVERED,they submit KYC,"the system MUST additionally collect: razão social, nome fantasia, CNPJ (validated), corporate charter/constitution document upload, legal representative identity document upload, …",CNPJ legal entity fields validation
Req3.AC4,3,4,"§4.1.1, §3.4, §3.11",21;109,115,COVERED,"the provider taps ""Submit""","the system MUST atomically: (1) persist all data in `provider_kyc_submissions`, (2) set `provider_accounts.onboarding_status = 'DOCUMENTS_SUBMITTED'`, (3) record `onboarding_submit…",Atomic KYC submit + DOCUMENTS_SUBMITTED + MMD
Req3.AC5,3,5,"§4.1.1, §3.4, §3.11",21;77;109,115,PARTIAL,the failure is caught,the system MUST NOT leave `onboarding_status = 'DOCUMENTS_SUBMITTED'` without a confirmed dispatch; it MUST queue the email in a retry job with exponential backoff; the provider's …,GAP: UI pending until email_dispatched_at — extend Task 77 with polling
Req3.AC6,3,6,"§4.1.1, §3.4, §3.11",26,115,COVERED,the RPC `match_provider_jobs` is called for that provider,"it MUST return an empty result set; the enforcement MUST occur in the RPC (Postgres, `SECURITY DEFINER`), not only in client-side rendering.",match_provider_jobs empty if not ACTIVE
Req3.AC7,3,7,"§4.1.1, §3.4, §3.11",27,115,COVERED,they attempt to initiate a chat conversation with a client,the chat initiation RPC MUST be denied; no chat thread MUST be created; the provider MUST see a blocking screen directing them to complete credentialing.,cns_initiate_conversation denied if not credentialed
Req3.AC8,3,8,"§4.1.1, §3.4, §3.11",26;27;88,115,COVERED,they access the app,they MUST see a suspension message with support contact information; ALL opportunity-access and chat-initiation RPCs MUST deny access identically to non-credentialed providers; exi…,SUSPENDED blocking + support message
Req4.AC1,4,1,§4.1.2,41;57;69,122,COVERED,it executes,"it MUST select providers from `provider_accounts` WHERE `onboarding_status IN ('DOCUMENTS_SUBMITTED', 'UNDER_NETCRED_REVIEW')` AND process them in batches of exactly `provider_batc…",Daily cron batch size from platform_constants
Req4.AC2,4,2,§4.1.2,69,122,COVERED,the GraphQL request is issued,"it MUST be a single HTTP POST to the NetCred API containing all provider documents as aliased `companies(document: ""…"")` queries within one request body; the system MUST NOT issue …",Single GraphQL POST with 50 aliases
Req4.AC3,4,3,§4.1.2,42;109,122,COVERED,a `companies` alias contains a node where `companyState = 'ACTIVE'` AND `bankAccounts.edges` is non-empty,"the cron MUST atomically: (1) persist `netcred_company_id = node.id`, `netcred_bank_account_id = bankAccounts.edges[0].node.id`, (2) set `onboarding_status = 'ACTIVE'`, `onboarding…",ACTIVE + bankAccounts → activation RPC + push
Req4.AC4,4,4,§4.1.2,41;69,122,COVERED,the cron processes the result,`onboarding_status` MUST remain unchanged; no error is raised; the record will be re-evaluated in the next daily run.,Empty edges → no-op
Req4.AC5,4,5,§4.1.2,43,122,COVERED,the cron processes the result,`onboarding_status` MUST be set to `'UNDER_NETCRED_REVIEW'`; `netcred_company_id` and `netcred_bank_account_id` MUST NOT be persisted.,Non-ACTIVE companyState → UNDER_NETCRED_REVIEW
Req4.AC6,4,6,§4.1.2,69;82,122,COVERED,the cron processes the result,the system MUST emit a `WARNING` Sentry event and skip automatic activation for that provider; manual review MUST be required before activation.,Multiple edges → WARNING Sentry; skip activation
Req4.AC7,4,7,§4.1.2,43;82,122,COVERED,the cron processes the result,"even if `companyState = 'ACTIVE'`, the provider MUST NOT be activated; `onboarding_status` MUST be set to `'UNDER_NETCRED_REVIEW'`; a `WARNING` log MUST be emitted.",ACTIVE without bankAccounts → UNDER_NETCRED_REVIEW
Req4.AC8,4,8,§4.1.2,69,122,COVERED,the cron executes,it MUST process them in sequential batches of 50 with a configurable inter-batch delay (default: 2 seconds) to respect API rate limits; it MUST NOT attempt all providers in a singl…,Sequential batches of 50 + inter-batch delay
Req5.AC1,5,1,"§4.2.1, §4.2.2",19;71,94,COVERED,the stepper evaluates client profile completeness,"it MUST check for presence of: (1) `CPF` in `client_profiles_private`, (2) `phone` in `profiles`, (3) a billing address in the payment profile; each missing field generates one add…",Step resolution CPF→phone→card order
Req5.AC2,5,2,"§4.2.1, §4.2.2",72,94,COVERED,they submit a CPF value,the system MUST validate CPF format AND check digits client-side (before submission) and server-side (in the Edge Function); an invalid CPF MUST produce a field-level error with a …,CPF validation client + server
Req5.AC3,5,3,"§4.2.1, §4.2.2",72;123,94,COVERED,the value is persisted,`client_profiles_private.cpf` MUST be updated in the same Edge Function call; the CPF collection step MUST NOT appear in any subsequent acceptance flow for the same client.,Persist CPF; step not shown again
Req5.AC4,5,4,"§4.2.1, §4.2.2",72,94,COVERED,the phone collection step is displayed,the UI MUST explain that the phone is required by the payment partner for transaction processing and fraud prevention; the explanation MUST reference the payment partner without na…,Phone step explanation copy
Req5.AC5,5,5,"§4.2.1, §4.2.2",74,94,COVERED,the card selection step is rendered,"the system MUST display a full card input form collecting: card number (16 digits, formatted), expiry month, expiry year, CVV, cardholder full name, and billing address fields (log…",Full card form when no saved cards
Req5.AC6,5,6,"§4.2.1, §4.2.2",74;78,94,COVERED,the card selection step is rendered,"the system MUST display each saved card as a selectable option showing: masked card number (`•••• XXXX`), brand icon, expiry month/year; PLUS an ""Add new card"" option that renders …",Saved card selection UI
Req5.AC7,5,7,"§4.2.1, §4.2.2",74;75,94,COVERED,proceeding to the installment step,the selected token's `card_brand` MUST be passed to the installment calculation Edge Function to apply the correct fee schedule (Visa/Master vs Elo/Other).,Pass card_brand to installment RPC
Req5.AC8,5,8,"§4.2.1, §4.2.2",73,94,COVERED,the step component mounts,"the frontend MUST: (1) generate a UUID v4 as the ClearSale `sessionId` for this checkout session, (2) inject and initialize the ClearSale Browser/WebView SDK script (`//device.clea…",ClearSale sessionId UUID on card step mount
Req5.AC9,5,9,"§4.2.1, §4.2.2",73,94,COVERED,the script executes,it MUST be loaded asynchronously (using the standard ClearSale async loader pattern) so it does not block card form rendering; the SDK collects public device information and transm…,Async fp.js loader
Req5.AC10,5,10,"§4.2.1, §4.2.2",73,94,COVERED,the card step renders inside the Capacitor WebView,the Browser/WebView SDK (`fp.js`) MUST be used — NOT the React Native SDK; the Capacitor WebView runs the standard web JavaScript environment and the Browser SDK applies.,Capacitor WebView uses Browser SDK
Req6.AC1,6,1,"§4.2.3, §3.3, §11.1",64;74,94,COVERED,the form action triggers,"the frontend MUST invoke the Edge Function `tokenize-payment-card` over HTTPS with the complete card input (PAN, CVV, expiry, cardholder name, CPF, phone, billing address); raw car…",HTTPS to tokenize EF only; no cache
Req6.AC2,6,2,"§4.2.3, §3.3, §11.1",64;61,93,COVERED,it calls `paymentProfileCreate` via the `NetCredAdapter`,`customerInput.persist` MUST be `false`; `customerInput.companyId` MUST be set to `netcred_company_id` of the service provider; `billingAddressInput` MUST be included in ALL calls …,paymentProfileCreate persist=false; billingAddress required
Req6.AC3,6,3,"§4.2.3, §3.3, §11.1",20;64,115,COVERED,`paymentProfile.isActive = true`,"the Edge Function MUST insert a `payment_tokens` record containing ONLY: `gateway_payment_profile_id` (= `paymentProfile.id`), `card_number_masked`, `card_brand`, `provider_card_t…",INSERT client_card_tokens metadata only
Req6.AC4,6,4,"§4.2.3, §3.3, §11.1",64,93,COVERED,the tokenization fails,the Edge Function MUST return an error response to the client exposing `errors[].message`; the `accept_proposal` flow MUST NOT proceed; no partial `payment_tokens` record MUST be c…,Tokenization failure → no partial record
Req6.AC5,6,5,"§4.2.3, §3.3, §11.1",64;78,94,COVERED,tokenization is executed,the SAME `tokenize-payment-card` Edge Function MUST be used; the resulting `payment_tokens` record MUST be associated with `client_id` but without a `service_id` linkage; it MUST b…,Profile add card reuses same EF
Req6.AC6,6,6,"§4.2.3, §3.3, §11.1",35;67,118,COVERED,the handler processes it,"the corresponding `payment_tokens` record MUST be updated to `state = 'TOKENIZATION_FAILED'`; if this token is linked to a `SCHEDULED` payment schedule, the client MUST be notified…",PAYMENT_PROFILE_TOKENIZE webhook → TOKENIZATION_FAILED
Req6.AC7,6,7,"§4.2.3, §3.3, §11.1",35;126,118,COVERED,the handler processes it,"for each `payment_tokens` record matched by `gateway_payment_profile_id`, all linked `payment_schedules` in `SCHEDULED` state MUST have their clients notified to update their paym…",PAYMENT_PROFILE_EXPIRING → notify update method
Req7.AC1,7,1,"§4.3, §3.12",18;75,117,COVERED,the step is rendered,"the frontend MUST invoke the Edge Function `calculate-installment-options` passing `proposal_id`, `service_id`, and `card_brand`; installment fees MUST NOT be computed client-side.",RPC-only fee computation at installment step
Req7.AC2,7,2,"§4.3, §3.12",17;18,117,COVERED,it reads fee configuration,"it MUST read all rate values exclusively from `platform_constants`; specifically: `cc_visa_master_1x_rate`, `cc_visa_master_2_6x_rate`, `cc_visa_master_7_12x_rate`, `cc_elo_other_1…",Read rates from platform_constants
Req7.AC3,7,3,"§4.3, §3.12",17;18,117,COVERED,installment options 1 through 12 are computed,"for each installment `n`, the system MUST compute: - `applicable_rate_pct`: determined by `card_brand` and range (`1x`, `2–6x`, `7–12x`) from `platform_constants` - `total_with_fee…",Fee formula + banker's rounding on installment_amount
Req7.AC4,7,4,"§4.3, §3.12",18;90,117,COVERED,the Edge Function prepares its response,"it MUST generate an HMAC-SHA256 signature over the serialized payload `{ proposal_id, service_id, base_amount, card_brand, installment_options, computed_at, expires_at }` using `IN…",HMAC-SHA256 via Vault; 10min TTL
Req7.AC5,7,5,"§4.3, §3.12",25;18,117,COVERED,`accept_proposal` receives the payload,the server MUST recompute the HMAC over the submitted payload fields and compare with `installment_selection_hmac` using a constant-time comparison; a signature mismatch MUST retur…,accept_proposal constant-time HMAC verify
Req7.AC6,7,6,"§4.3, §3.12",17;28,117,COVERED,the charge amount is computed,"the cron MUST call the Postgres RPC `calculate_charge_amount(payment_token_id, base_amount, installment_number)` using the persisted `card_brand` from `payment_tokens`; this RPC MU…",Cron uses payment_calculate_charge_amount not HMAC
Req7.AC7,7,7,"§4.3, §3.12",17;28,117,COVERED,the cron executes `calculate_charge_amount`,"the charge amount MUST reflect the current rates at cron execution time, not the rates displayed during checkout; this is a known and intentional behavior for operational flexibili…",Fee drift intentional at charge time
Req8.AC1,8,1,"§4.4.1, §4.4.2",25;76,117;95,COVERED,`accept_proposal` is submitted,"the RPC parameters MUST include: `p_proposal_id`, `p_selected_slot` (JSON — existing CNS slot; persists `scheduled_start_date`, `scheduled_end_date`, `scheduled_shift`), `p_idempot…",Required payment params on accept_proposal
Req8.AC2,8,2,"§4.4.1, §4.4.2",25,117;95,COVERED,validation passes and all preconditions are satisfied,the system MUST execute a single PostgreSQL transaction that: (1) creates or reuses `contracted_services` with `status = 'PENDING_PAYMENT'` and agreed slot columns populated from `…,Single TX schedule + audit CHARGE_SCHEDULED
Req8.AC3,8,3,"§4.4.1, §4.4.2",25,117,COVERED,server-side validation runs,"it MUST load `provider_proposals` and revalidate `pricing_signature` over `proposed_amount`, `tax_amount`, and `final_amount`; invalid or expired signature MUST return HTTP 400 wit…",pricing_signature validation
Req8.AC4,8,4,"§4.4.1, §4.4.2",25;3,117,COVERED,`charge_scheduled_at` is computed,`charge_scheduled_at` MUST be set to `now()` so the next cron invocation picks it up immediately; the `payment_audit_log` entry MUST include `metadata.emergency_scheduling = true`.,Emergency charge_scheduled_at = now()
Req8.AC5,8,5,"§4.4.1, §4.4.2",25,117,COVERED,`accept_proposal` validates the token,the system MUST return HTTP 422 with `error_code: 'PAYMENT_TOKEN_INACTIVE'`; the acceptance MUST NOT proceed.,PAYMENT_TOKEN_INACTIVE rejection
Req8.AC6,8,6,"§4.4.1, §4.4.2",25,117,COVERED,`accept_proposal` validates preconditions,the system MUST return HTTP 409 with `error_code: 'PROVIDER_NOT_CREDENTIALED'`; the acceptance MUST NOT proceed.,PROVIDER_NOT_CREDENTIALED rejection
Req8.AC7,8,7,"§4.4.1, §4.4.2",25,92,COVERED,the `idempotency_key = contracted_service_id` UNIQUE constraint is checked,the database MUST reject the duplicate insert; the API MUST detect the conflict and return the existing `contracted_services.id` with HTTP 200 (idempotent success).,Idempotent retry via idempotency_key
Req8.AC8,8,8,"§4.4.1, §4.4.2",23,117,COVERED,"`payment_schedules.state ∈ {SCHEDULED, FAILED}`","the `payment_update_method` RPC MUST allow updating `client_card_token_id` without re-executing `accept_proposal`; if the new card brand differs, a new HMAC-signed installment calc…",payment_update_method without re-accept
Req8.AC9,8,9,"§4.4.1, §4.4.2",25,,PARTIAL,`payment_method = 'PIX'`,`payment_token_id` MUST NOT be required; `installment_number` MUST default to 1; `installment_selection_hmac` MUST NOT be required; a `pix_config` sub-object with method-specific f…,DEFERRED: PIX payment method — out of MVP scope
Req9.AC1,9,1,"§3.0, §3.5, §4.4.1",9;25,115,COVERED,the `payment_schedules` record is created,"it MUST contain at minimum: `id` (UUID), `contracted_service_id` (UUID, FK → `contracted_services.id`), `client_id`, `provider_id` (service provider entity), `gateway_slug` (`'netc…",payment_schedules column completeness at accept
Req9.AC2,9,2,"§3.0, §3.5, §4.4.1",87,119,COVERED,the service is cancelled before `charge_scheduled_at`,the schedule MUST be transitioned to `CANCELLED` within the same database transaction as the service cancellation; `cancelled_at` and `cancellation_reason` MUST be set; no gateway …,Pre-charge cancel → CANCELLED same TX
Req9.AC3,9,3,"§3.0, §3.5, §4.4.1",24;86,119,COVERED,"rescheduling is confirmed and `payment_schedules.state ∈ {SCHEDULED, FAILED, IN_ANALYSIS}`","`charge_scheduled_at` MUST be updated to `MAX(now(), payment_service_execution_at(contracted_services) - interval '2 days')`; if `payment_service_execution_at(contracted_services) …",Reschedule recalculates charge_scheduled_at + audit
Req9.AC4,9,4,"§3.0, §3.5, §4.4.1",86,119,COVERED,the service is rescheduled,only `contracted_services` slot columns are updated; refund/T-12h windows recalculate from updated `payment_service_execution_at`; the schedule state MUST remain `PAID`; no new cha…,Post-PAID reschedule: slot only; schedule stays PAID
Req9.AC5,9,5,"§3.0, §3.5, §4.4.1",86,119,COVERED,a reschedule is requested,reschedule MUST be rejected (out of MVP payment scope).,Reject reschedule after EXECUTED/COMPLETED
Req10.AC1,10,1,"§4.5, §5.3",28,116;99,COVERED,it selects eligible records,"the query MUST apply ALL of the following filters simultaneously: `state IN ('SCHEDULED', 'FAILED')` AND `automatic_attempt_count < max_attempts` AND `charge_scheduled_at::date <= …",Eligibility filters in claim RPC
Req10.AC2,10,2,"§4.5, §5.3",28,116,COVERED,the cron acquires a lease for one record,"it MUST execute `SELECT ... FOR UPDATE SKIP LOCKED` within an explicit transaction; atomically set `state = 'PROCESSING'`, `locked_until = now() + '<payment_lease_duration_minutes>…",SKIP LOCKED lease + attempt increment same TX
Req10.AC3,10,3,"§4.5, §5.3",28;29;63;65,122,COVERED,the final charge amount is computed and the `chargeCreate` payload is assembled,the cron MUST: (1) invoke `payment_calculate_charge_amount(...)` for `charge_amount` (current card fees — fee drift); (2) set `payoutRuleInput` with provider `FIXED_AMOUNT = paymen…,charge_amount + split + ClearSale fields at charge
Req10.AC4,10,4,"§4.5, §5.3",29;31;65,122,COVERED,the success response is received,"the cron MUST, in a single transaction: set `payment_schedules.state = 'PAID'`, `locked_until = NULL`, `paid_at = now()`, `paid_amount = charge_amount`, `gateway_charge_id`, `prov…",PAID → CONFIRMED + notifications
Req10.AC5,10,5,"§4.5, §5.3",29;31,122,COVERED,the antifraude response is received,"the cron MUST set `state = 'IN_ANALYSIS'`, `locked_until = NULL`, persist `gateway_charge_id` and `gateway_transaction_id`; insert a `payment_attempts` record with `outcome = 'IN…",IN_ANALYSIS path + client notification
Req10.AC6,10,6,"§4.5, §5.3",29;31;126,122,COVERED,the rejection is received,"the cron MUST: set `state = 'FAILED_PERMANENT'`, `locked_until = NULL`, `failed_at = now()`, `failure_code`, `failure_reason`; insert a `payment_attempts` record with `outcome = 'R…",REJECTED → FAILED_PERMANENT + notifications
Req10.AC7,10,7,"§4.5, §5.3",29;31;126,122,COVERED,the error is received and `automatic_attempt_count < max_attempts`,"the cron MUST: set `state = 'FAILED'`, `locked_until = NULL`, `next_retry_at = now() + '<charge_retry_interval_minutes> minutes'::interval`, `failure_code`, `failure_reason`; inser…",Retryable → FAILED + next_retry_at
Req10.AC8,10,8,"§4.5, §5.3",29,122,COVERED,the failure is processed,"the cron MUST transition to `FAILED_PERMANENT` (not `FAILED`); all `FAILED_PERMANENT` consequences apply (escalated notifications, manual payment button enablement).",Exhausted retries → FAILED_PERMANENT
Req10.AC9,10,9,"§4.5, §5.3",65;61,93;97,COVERED,the next cron execution picks up the record,"it MUST call `getTransaction(referenceCode = contracted_service_id)` via the adapter FIRST; if the gateway confirms `PAID`, it MUST reconcile as success; if `null`, it MAY issue a …",Timeout → getTransaction first
Req10.AC10,10,10,"§4.5, §5.3",61;65;29,93,COVERED,this error is detected,the adapter MUST call `getTransaction(referenceCode)` to retrieve the existing charge's state; the schedule MUST be updated to match the gateway state; no new charge MUST be issued…,referenceCode conflict → getTransaction reconcile
Req10.AC11,10,11,"§4.5, §5.3",65;122,122,COVERED,one schedule's gateway call fails,"the failure MUST NOT abort processing of remaining eligible schedules; each schedule MUST be processed independently with its own error boundary, Sentry span, and transaction scope…",Per-schedule error isolation in EF
Req11.AC1,11,1,"§4.6, §8.1",28,116,COVERED,the cron fires,the record MUST be selected and re-attempted; no manual state reset is required.,FAILED auto re-attempt when eligible
Req11.AC2,11,2,"§4.6, §8.1",29,116,COVERED,a charge fails with a retryable error,`next_retry_at` MUST be set to `now() + interval '30 minutes'`; the cron MUST skip this record until `next_retry_at` lapses.,next_retry_at from platform_constants interval
Req11.AC3,11,3,"§4.6, §8.1",29,116,COVERED,it is received on any attempt number,the system MUST classify the error as terminal and transition immediately to `FAILED_PERMANENT`; remaining retry budget MUST be abandoned; the `failure_code` in `payment_attempts` …,Terminal errors → FAILED_PERMANENT immediately
Req11.AC4,11,4,"§4.6, §8.1",29,116,COVERED,the third failure is processed,"`automatic_attempt_count = 3`, `state = 'FAILED_PERMANENT'`, `failed_permanently_at = now()` MUST be committed; no further automatic retry MUST occur; manual client retries remain …",max_attempts exhausted → FAILED_PERMANENT
Req11.AC5,11,5,"§4.6, §8.1",30;66;29,96,COVERED,the `manual-charge-payment` Edge Function is invoked,"the manual attempt MUST increment `manual_attempt_count`, set `state = 'PROCESSING'`, acquire a lease, and execute the charge exactly as the cron would; success transitions to `PAI…",Manual attempt semantics
Req11.AC6,11,6,"§4.6, §8.1",30;23;66,96,COVERED,the new card is tokenized and selected,the system MUST create a new `payment_tokens` record and update `payment_schedules.payment_token_id` to the new token before executing the charge; `payment_audit_log` MUST record t…,Manual card replacement before charge
Req11.AC7,11,7,"§4.6, §8.1",28,116,COVERED,existing `FAILED` schedules are re-evaluated,they MUST be reconsidered using the NEW limit applied to `automatic_attempt_count`; a previously-exhausted schedule that now has remaining budget MUST be eligible for retry on the …,Re-evaluate against current max_charge_attempts constant
Req12.AC1,12,1,"§4.5.2, §1.7.9",31;126;65,122,COVERED,the success is committed,"the system MUST enqueue via the Multichannel Message Dispatcher: (1) a Push notification to the client confirming payment, including service name, scheduled date, charged amount, a…",PAID success Push+Email bypass both parties
Req12.AC2,12,2,"§4.5.2, §1.7.9",31;126,122,COVERED,the failure is committed,"the system MUST enqueue a Push notification AND Email to the client informing them: (a) the payment could not be processed, (b) the system will retry automatically, (c) remaining r…",FAILED retryable client-only notification
Req12.AC3,12,3,"§4.5.2, §1.7.9",31;126,122,COVERED,the permanent failure is committed,"the system MUST enqueue: (1) Push + Email to the client (bypass priority) explaining: payment has failed permanently, manual payment is required via the service screen, the service…",FAILED_PERMANENT client+provider notifications
Req12.AC4,12,4,"§4.5.2, §1.7.9",31;126,122,COVERED,the antifraude state is committed,the client MUST receive a Push notification informing them that their payment is under review; NO auto-cancellation timing MUST be triggered during this state.,IN_ANALYSIS client push
Req12.AC5,12,5,"§4.5.2, §1.7.9",31;126;109,122,COVERED,the failure notification is dispatched to the provider,"the notification content MUST be non-financial (no charge amounts), stating only that client payment is pending and that the platform will keep them informed.",First failure provider non-financial push — verify matrix in Task 126
Req12.AC6,12,6,"§4.5.2, §1.7.9",31;66,96,COVERED,the success is committed,both client (Push + Email) and provider (Push) MUST be notified that payment was confirmed and service execution may proceed.,Manual success notifications
Req13.AC1,13,1,§4.11,79,96,COVERED,the client views the service detail screen,"the UI MUST display a prominent ""Efetuar Pagamento"" button; this button MUST NOT render when state is `SCHEDULED`, `PROCESSING`, `PAID`, `CANCELLED`, or `IN_ANALYSIS`.",Efetuar Pagamento button visibility gate
Req13.AC2,13,2,§4.11,79;66,96,COVERED,the manual charge flow initiates,"the client MUST be presented with: (1) their current saved card (or a ""Change card"" option), (2) their current installment selection (or option to modify), (3) the fee-inclusive am…",Manual flow UI: card + installment + amount
Req13.AC3,13,3,§4.11,30;66,96,COVERED,it validates preconditions,"it MUST verify: `payment_schedules.state ∈ {'FAILED', 'FAILED_PERMANENT'}` (reject with HTTP 409 if not); service is not cancelled; T-12h threshold has not passed; a fresh `clearsa…",Precondition validation + fresh ClearSale session
Req13.AC4,13,4,§4.11,66;29;31,96,COVERED,`transactionState = 'PAID'`,"`payment_schedules.state` MUST transition to `PAID`; client and provider MUST receive success notifications; the ""Efetuar Pagamento"" button MUST disappear on the next screen refres…",Manual PAID success path
Req13.AC5,13,5,§4.11,79;66,96,COVERED,the gateway returns `REJECTED`,"the inline UI MUST display the error reason in plain Portuguese; the client MUST be offered: ""Try with a different card"" (re-tokenization flow inline) and ""Contact support"" option.",Terminal error inline UI PT-BR
Req13.AC6,13,6,§4.11,30;79,96,COVERED,the client attempts a manual payment,the server MUST return HTTP 409 with `error_code: 'SERVICE_AUTO_CANCELLED'`; the UI MUST inform the client that the service was already cancelled due to payment non-resolution.,T-12h gate SERVICE_AUTO_CANCELLED
Req14.AC1,14,1,"§4.12, §1.7.7",44;52,119;120,COVERED,it selects records for auto-cancellation,it MUST select `contracted_services` records WHERE `payment_service_execution_at(contracted_services) - now() <= interval '12 hours'` AND `payment_schedules.state IN ('FAILED_PERMA…,Selection criteria payment_service_execution_at - 12h
Req14.AC2,14,2,"§4.12, §1.7.7",44;52,119,COVERED,auto-cancellation is executed due to non-payment,"the system MUST atomically in a single transaction: (1) transition `contracted_services.status = 'CANCELLED'`, `cancellation_reason = 'NON_PAYMENT'`, (2) transition `payment_schedu…",Atomic cancel service + schedule + audit
Req14.AC3,14,3,"§4.12, §1.7.7",44;52;126,119,COVERED,notifications are dispatched,"the system MUST enqueue (bypass priority): (1) Push + Email to client explaining the service was cancelled due to unpaid payment, offering support contact; (2) Push to provider inf…",Post-cancel MMD bypass notifications
Req14.AC4,14,4,"§4.12, §1.7.7",44;52,120,COVERED,the auto-cancellation cron evaluates the record,it MUST NOT cancel; client-initiated cancel MUST return HTTP 409 `PAYMENT_IN_ANALYSIS`.,IN_ANALYSIS excluded before T-12h
Req14.AC5,14,5,"§4.12, §1.7.7",44;52;113,119;120,COVERED,the auto-cancellation cron fires,"it MUST cancel the service, reconcile with gateway (`chargeVoid` if not captured), and notify client and provider.",IN_ANALYSIS at T-12h cancel + gateway void
Req14.AC6,14,6,"§4.12, §1.7.7",44;52,119,COVERED,the cron evaluates the record,the cron MUST skip the record; paid services MUST never be auto-cancelled by the payment subsystem.,Skip PAID records
Req14.AC7,14,7,"§4.12, §1.7.7",44;52,119,COVERED,it attempts to cancel an already-cancelled service,the operation MUST be idempotent; detecting `contracted_services.status = 'CANCELLED'` MUST cause a no-op without error or duplicate notifications.,Idempotent on already CANCELLED
Req14.AC8,14,8,"§4.12, §1.7.7",44;88;126,119,COVERED,suspension is recorded,the client MUST be notified immediately that the service payment is on hold; the client MAY cancel voluntarily without penalty; the cron MUST skip charging until ops unfreezes or T…,SUSPENDED immediate client notify + skip charge
Req14.AC9,14,9,"§4.12, §1.7.7",44;88,119,COVERED,`payment_service_execution_at(contracted_services) - now() <= 12 hours` is reached,the system MUST atomically cancel with `cancellation_reason = 'PROVIDER_SUSPENDED'`; no refund (no charge); client notified with support contact.,SUSPENDED T-12h cancel PROVIDER_SUSPENDED
Req15.AC1,15,1,"§4.8, §1.7.5",38;68,118,COVERED,the cancellation is confirmed,"the system MUST compute `refund_amount = charge_amount` (100% of amount paid, including card processing fees); invoke `transactionRefund(transactionId, amount = refund_amo…",>48h cancel refund charge_amount 100%
Req15.AC2,15,2,"§4.8, §1.7.5",38;68,118,COVERED,the cancellation is confirmed,the system MUST compute `refund_amount = base_amount × 0.90` (90% of service price; 10% penalty retained; card processing fees non-refundable); invoke `transactionRefund` for `refu…,12-48h cancel 90% base_amount penalty
Req15.AC3,15,3,"§4.8, §1.7.5",38;68,118,COVERED,the cancellation is confirmed,the system MUST compute `refund_amount = base_amount × 0.70` (70% of service price; 30% penalty retained; card processing fees non-refundable); invoke `transactionRefund` for `refu…,<12h cancel 70% base_amount penalty
Req15.AC4,15,4,"§4.8, §1.7.5",87,119,COVERED,the client initiates cancel (except blocked `IN_ANALYSIS` before T-12h),`payment_schedules.state` MUST transition to `CANCELLED` without gateway call; no penalty; provider receives informational push (*cliente cancelou — serviço não confirmado*).,Pre-PAID cancel no gateway
Req15.AC5,15,5,"§4.8, §1.7.5",87,119,COVERED,the service is cancelled (any `contracted_services.status` in `PENDING_PAYMENT`),`payment_schedules.state` MUST transition to `CANCELLED` without any gateway interaction; `transactionRefund` MUST NOT be called; no penalty applies; the `payment_audit_log` entry …,Pre-T2 SCHEDULED cancel no gateway
Req15.AC6,15,6,"§4.8, §1.7.5",38;68;87,118,COVERED,the cancellation is confirmed,the same ToS §2.2 penalty rules apply as for `CONFIRMED` (refund computed on `base_amount` by time window); `EXECUTED` does not change refund eligibility or penalty percentages.,CONFIRMED/EXECUTED paid cancel same tiers
Req15.AC7,15,7,"§4.8, §1.7.5",87,119,COVERED,the cancellation RPC is invoked,the system MUST return HTTP 409 with `error_code: 'SERVICE_NOT_CANCELLABLE'`; no refund is processed via the app.,COMPLETED not cancellable
Req15.AC8,15,8,"§4.8, §1.7.5",87;44,120,COVERED,a client or provider attempts cancellation,"cancellation MUST be blocked with HTTP 409 and `error_code: 'PAYMENT_IN_ANALYSIS'` while `payment_service_execution_at − now() > 12 hours`; after T-12h, auto-cancel applies (see Re…",IN_ANALYSIS cancel blocked until T-12h rule
Req15.AC9,15,9,"§4.8, §1.7.5",87,119,COVERED,the client cancels before T-12h,"cancellation is free: `contracted_services.status = 'CANCELLED'`, `cancellation_reason = 'CLIENT_INITIATED'`, `payment_schedules.state = 'CANCELLED'`; no refund (no charge occurred…",Failed pre-PAID client cancel free
Req15.AC10,15,10,"§4.8, §1.7.5",38;68,118,COVERED,`payment_schedules.state = 'PAID'`,"the system MUST execute a full refund (`refund_amount = charge_amount`, i.e., the full amount debited from the client's card including card processing fees) regardless of timing; n…",Provider cancel full charge_amount refund
Req15.AC11,15,11,"§4.8, §1.7.5",35;68,118,COVERED,the response is received from the gateway,`payment_schedules.state` MUST remain `REFUND_REQUESTED` until the webhook `TRANSACTION_REFUND` confirms the refund; only upon webhook confirmation MUST the state transition to `RE…,REFUND_REQUESTED until webhook confirms
Req15.AC12,15,12,"§4.8, §1.7.5",68;82;87,118,COVERED,the error is received,"the system MUST: (1) NOT mark the payment as refunded, (2) emit a `CRITICAL` Sentry alert, (3) persist the error in `payment_audit_log`, (4) surface a support escalation link in th…",Refund failure CRITICAL + support escalation
Req16.AC1,16,1,§4.7.1,33;67,121,COVERED,the request is received,the function MUST persist the raw payload (`req.text()`) and all relevant headers to `payment_webhook_events` with `state = 'RECEIVED'` BEFORE any validation or processing; this en…,Persist RECEIVED before validation
Req16.AC2,16,2,§4.7.1,67;90,121,COVERED,signature validation begins,"the function MUST compute `HMAC-SHA256(secretKey, rawBody)` where `secretKey` is read from Supabase Vault; it MUST compare the computed hex digest to the value in `X-NETCRED-Signat…",HMAC timingSafeEqual via Vault secret
Req16.AC3,16,3,§4.7.1,67;33,121,COVERED,the mismatch is detected,"the function MUST: (1) update `payment_webhook_events.state = 'FAILED'` with `failure_reason = 'INVALID_SIGNATURE'`, (2) emit a `WARN` Sentry event with `{ event_type: X-NETCRED-Ev…",Invalid signature → FAILED + 401
Req16.AC4,16,4,§4.7.1,35;67,121,COVERED,`X-NETCRED-Event` is parsed,the function MUST dispatch to a per-event handler; unknown event types MUST be logged as `WARN` and acknowledged with HTTP 200 (no-op); the system MUST be designed to tolerate new …,Per-event dispatch; unknown → WARN 200
Req16.AC5,16,5,§4.7.1,34;55,118,COVERED,the event requires complex state reconciliation,the function MUST enqueue the event to `payment_webhook_processing_queue` and return HTTP 200 immediately; heavy processing MUST occur in a separate background worker invoked by `p…,Heavy path enqueue + 200 immediate
Req17.AC1,17,1,"§4.7.3, §3.7",11;33,118,COVERED,the insert is executed,"the UNIQUE constraint on `(gateway_slug, event_type, gateway_event_id)` MUST be evaluated; a duplicate insert MUST trigger a controlled conflict handling path (e.g., `ON CONFLICT …",UNIQUE constraint on ingest
Req17.AC2,17,2,"§4.7.3, §3.7",33;35;67,118,COVERED,the handler identifies the existing record,"it MUST: update `is_duplicate = true` on the existing or new record, return HTTP 200 immediately, log `{ is_duplicate: true, gateway_event_id, event_type }`; it MUST NOT re-execut…",Duplicate → is_duplicate + 200 no reprocess
Req17.AC3,17,3,"§4.7.3, §3.7",35,118,COVERED,the handler resolves the target `payment_schedules` record,"it MUST check the current `state`; if applying the event would cause a regression in the state machine (e.g., transitioning from `PAID` to `IN_ANALYSIS`), the transition MUST be sk…",Out-of-order regression guard
Req17.AC4,17,4,"§4.7.3, §3.7",35,118,COVERED,the handler processes it,"it MUST update only safe monotonic fields (e.g., `webhook_confirmed_at`) without altering `state`; the event MUST be marked `PROCESSED`, not `DUPLICATE`, as it is a valid but redun…",Redundant TRANSACTION_CAPTURE on PAID safe update
Req17.AC5,17,5,"§4.7.3, §3.7",35,118,COVERED,the handler processes it,"the corresponding `payment_tokens` record MUST be set to `state = 'REVOKED'`; if linked to a `SCHEDULED` or `FAILED` `payment_schedules` record, the client MUST be notified to upda…",PAYMENT_PROFILE_DELETE → REVOKED + needs_payment_method_update
Req18.AC1,18,1,"§4.7.3, §4.7.2",35,118,COVERED,the handler processes it,"`payment_schedules.state` MUST transition to `PAID`; `contracted_services.status` MUST transition to `CONFIRMED` in the same transaction; `charge_captured_at`, `paid_amount`, `prov…",TRANSACTION_CAPTURE → PAID + CONFIRMED
Req18.AC2,18,2,"§4.7.3, §4.7.2",35;34;55,118,COVERED,`transactionState` maps to a known internal state,the handler MUST apply the full corresponding state machine transition; `TRANSACTION_UPDATE` MUST act as a universal fallback reconciliation event for all transaction state changes…,TRANSACTION_UPDATE queued fallback
Req18.AC3,18,3,"§4.7.3, §4.7.2",35,118,COVERED,the handler processes it,`payment_schedules.state` MUST transition to `VOIDED`; `voided_at` MUST be set.,CHARGE_VOID → VOIDED
Req18.AC4,18,4,"§4.7.3, §4.7.2",35;82;111;126,118,COVERED,the handler processes it,`payment_schedules.is_disputed = true` MUST be set; a `CRITICAL` Sentry alert MUST be emitted; ops MUST be notified; client and provider MUST receive neutral push and in-app badge …,TRANSACTION_DISPUTE → is_disputed + alerts
Req18.AC5,18,5,"§4.7.3, §4.7.2",35;126,118,COVERED,the handler processes it and `transactionState = 'REFUNDED'`,`payment_schedules.state` MUST transition from `REFUND_REQUESTED` to `REFUNDED`; `refund_confirmed_at` and `refunded_amount` MUST be persisted; the client MUST be notified of refun…,TRANSACTION_REFUND → REFUNDED states
Req18.AC6,18,6,"§4.7.3, §4.7.2",35;126,118,COVERED,the handler resolves affected future charge schedules,"for each `payment_schedules` record in `SCHEDULED` state linked to the expiring token, the client MUST be notified to update their payment method before `charge_scheduled_at`.",PAYMENT_PROFILE_EXPIRING notifications
Req18.AC7,18,7,"§4.7.3, §4.7.2",35;67,121,COVERED,the handler dispatches it,it MUST log a structured `WARN` entry with the full event type and payload; it MUST return HTTP 200; it MUST NOT raise an unhandled exception; future event type additions MUST requ…,Unknown event WARN + 200
Req19.AC1,19,1,"§4.7.4, §3.8",35;55,118,COVERED,the failure is caught,`payment_webhook_events.state` MUST transition to `'FAILED'`; `failure_reason` (exception message + stack trace excerpt) MUST be recorded; `retry_count` MUST be incremented.,Failure → FAILED + retry_count
Req19.AC2,19,2,"§4.7.4, §3.8",55;37,118,COVERED,the `process-webhook-retry` cron fires,"the event MUST be re-queued; `next_retry_at` MUST follow exponential backoff: `base_interval_minutes × 2^(retry_count - 1)` (base: 5 minutes); first retry at T+5min, second at T+10…",Exponential backoff retry schedule
Req19.AC3,19,3,"§4.7.4, §3.8",55;82,118,COVERED,the retry limit is exhausted,"the event MUST transition to `state = 'DEAD_LETTER'`; a `CRITICAL` Sentry alert MUST be raised with: event type, `gateway_event_id`, `payment_schedules` reference (if resolvable),…",retry_count>=3 → DEAD_LETTER + CRITICAL
Req19.AC4,19,4,"§4.7.4, §3.8",49;105,118,COVERED,`state` is set to `'RECEIVED'` and `retry_count = 0`,"the next retry cron MUST pick up the event and reprocess it; due to idempotency constraints, safe reprocessing is guaranteed.",Operator reset to RECEIVED
Req20.AC1,20,1,§4.9,39;58;70,122,COVERED,it queries for stale intermediate records,"it MUST select `payment_schedules` WHERE `state IN ('IN_ANALYSIS', 'PROCESSING', 'REFUND_REQUESTED')` AND `updated_at < now() - interval '30 minutes'`.",Stale intermediate state selection
Req20.AC2,20,2,§4.9,40;70;35,122,COVERED,the cron calls `getTransaction(referenceCode = contracted_service_id)` via the adapter,if the gateway returns `PAID`: MUST apply the full `PAID` transition (identical to the webhook path); if `REJECTED`: MUST apply `FAILED_PERMANENT` transition; if `null`: MUST log a…,IN_ANALYSIS reconcile via getTransaction
Req20.AC3,20,3,§4.9,40;70;82,122,COVERED,the failure is caught,the record MUST remain in its current state; `reconciliation_failure_count` MUST be incremented; a `WARN` Sentry event MUST be emitted when `reconciliation_failure_count > 3` for t…,Network fail increment reconciliation_failure_count
Req20.AC4,20,4,§4.9,40;70;35,122,COVERED,the cron calls `getTransaction`,"if the gateway confirms `REFUNDED` or `PARTIALLY_REFUNDED`, the corresponding state transition MUST be applied as if the webhook had been received.",REFUND_REQUESTED reconcile from gateway state
Req21.AC1,21,1,§10.1,82,122,COVERED,the function initializes,"it MUST initialize a Sentry transaction with: operation name, `service_id` tag, `gateway_slug` tag, `environment` tag.",EF Sentry transaction init tags
Req21.AC2,21,2,§10.1,82;65,122,COVERED,the gateway call completes (success or failure),"a Sentry span MUST be finalized with: `gateway_latency_ms`, `transaction_state`, `charge_amount`, `attempt_number`, `schedule_id`, `gateway_charge_id` (if obtained).",Gateway span attributes
Req21.AC3,21,3,§10.1,82,122,COVERED,caught,"it MUST be captured via `Sentry.captureException` with extra context: `{ schedule_id, contracted_service_id, automatic_attempt_count, gateway_slug, error_code, current_state }`.",captureException with payment context
Req21.AC4,21,4,§10.1,82;29,122,COVERED,logged to Sentry,Sentry MUST emit a `WARNING`-level event with all previous attempt `failure_code` values in `extra` for pattern analysis.,FAILED_PERMANENT WARNING with failure_codes
Req21.AC5,21,5,§10.1,82;55,118,COVERED,the transition is committed,Sentry MUST emit a `CRITICAL` alert; the alerting rule MUST notify the on-call channel within 5 minutes.,DEAD_LETTER CRITICAL alert
Req21.AC6,21,6,§10.1,82;62;129,129,COVERED,`tokenAuth` fails,Sentry MUST emit a `CRITICAL` alert; all on-call personnel MUST be notified as this blocks all payment processing.,tokenAuth CRITICAL alert
Req21.AC7,21,7,§10.1,82;44;52,119,COVERED,the cancellation is committed,"Sentry MUST emit a `WARNING` event with `service_id`, `schedule_id`, `last_failure_reason`.",Auto-cancel WARNING event
Req22.AC1,22,1,"§10.3, §3.9",13;29;35,115,COVERED,committed to the database,"the same transaction MUST INSERT into `payment_audit_log`: `event_type`, `entity_type = 'payment_schedule'`, `entity_id = schedule_id`, `service_id`, `from_state`, `to_state`, `act…",Audit INSERT same TX as schedule transition
Req22.AC2,22,2,"§10.3, §3.9",38;68,115,COVERED,`transactionRefund` is submitted,"`payment_audit_log` MUST record: `event_type = 'REFUND_SUBMITTED'`, `refund_amount`, `refund_reason`, `refunded_by` (initiator), `gateway_transaction_id`.",REFUND_SUBMITTED audit fields
Req22.AC3,22,3,"§10.3, §3.9",76;25,94,COVERED,they advance past the card step,"`payment_audit_log` MUST record: `event_type = 'PAYMENT_TERMS_ACCEPTED'`, `actor = 'client'`, `metadata.gateway_slug`, `metadata.accepted_at`.",PAYMENT_TERMS_ACCEPTED audit at accept
Req22.AC4,22,4,"§10.3, §3.9",50;105,115,COVERED,queried for a specific `service_id` or `schedule_id`,all entries MUST be returned in chronological order; the complete payment lifecycle MUST be reconstructable from these entries alone.,Lifecycle reconstructable from audit
Req22.AC5,22,5,"§10.3, §3.9",13;84;127,115,COVERED,database permissions are configured,application roles MUST have INSERT and SELECT only; UPDATE and DELETE MUST be denied; audit records MUST be immutable.,INSERT-only permissions + triggers
Req23.AC1,23,1,"§7, §4.5.1",28,116;92,COVERED,both issue the dequeue query simultaneously,`SELECT ... FOR UPDATE SKIP LOCKED` MUST ensure only one worker acquires the row; the second MUST skip to the next eligible record without error.,SKIP LOCKED single winner
Req23.AC2,23,2,"§7, §4.5.1",32;56,97,COVERED,`locked_until` expires,"the janitor cron MUST transition the record: if `automatic_attempt_count = 0`, back to `SCHEDULED`; if `automatic_attempt_count > 0`, to `FAILED`; the next cron execution MUST then…",Janitor orphan recovery paths
Req23.AC3,23,3,"§7, §4.5.1",61;65,93,COVERED,a second `chargeCreate` is issued for the same `referenceCode` due to a retry,the adapter MUST detect the specific error code and call `getTransaction(referenceCode)` to retrieve the existing charge; no second charge MUST be created.,referenceCode conflict getTransaction
Req23.AC4,23,4,"§7, §4.5.1",30;66,96;116,COVERED,both attempt `SELECT ... FOR UPDATE`,the second accessor MUST encounter the held lock and either wait (if short timeout) or abort with a concurrency error to the caller; the caller (manual payment API) MUST return HTT…,Manual vs cron 409 PAYMENT_ALREADY_IN_PROGRESS
Req23.AC5,23,5,"§7, §4.5.1",28,116,COVERED,the increment is executed,it MUST be atomic within the same transaction as `state = 'PROCESSING'`; separate UPDATE statements for `automatic_attempt_count` and `state` MUST NOT be used.,attempt_count atomic with PROCESSING
Req24.AC1,24,1,"§11.1, §4.2.3",64;74,94,COVERED,the data is transmitted,"raw card data (PAN, CVV, expiry) MUST travel only from the client browser/app to the `tokenize-payment-card` Edge Function over HTTPS; the data MUST NOT be logged, stored in React …",Card data only to tokenize EF
Req24.AC2,24,2,"§11.1, §4.2.3",7,115,COVERED,audited for PCI compliance,"the table MUST NOT contain columns for raw PAN or CVV; it MUST contain ONLY tokenized references: `gateway_payment_profile_id`, `card_number_masked`, `card_brand`, `provider_card_…",No PAN/CVV columns schema audit
Req24.AC3,24,3,"§11.1, §4.2.3",67,121,COVERED,the HMAC comparison is performed,the implementation MUST use `crypto.timingSafeEqual` (or equivalent constant-time function) to prevent timing-based side-channel attacks.,timingSafeEqual webhook HMAC
Req24.AC4,24,4,"§11.1, §4.2.3",67;89,121,COVERED,receiving requests,it MUST reject requests with invalid or missing signatures with HTTP 401; it MUST apply rate limiting (via `platform_rate_limits`) to prevent signature brute-force attacks.,Webhook rate limiting
Req24.AC5,24,5,"§11.1, §4.2.3",18;90,117,COVERED,it is accessed,it MUST be read from Supabase Vault; it MUST be rotatable by updating the Vault secret and redeploying the Edge Function; a rotation MUST NOT require a database migration.,INSTALLMENT_SIGNING_SECRET in Vault
Req24.AC6,24,6,"§11.1, §4.2.3",7;115,115,COVERED,a query is executed,only the owning client (`auth.uid() = client_id`) MUST be able to SELECT their own tokens via the client-facing API; providers and anonymous users MUST receive zero rows; Edge Func…,client_card_tokens RLS owner-only SELECT
Req24.AC7,24,7,"§11.1, §4.2.3",90;62,93,COVERED,Edge Functions access them,"they MUST be read from Supabase Vault at runtime; they MUST NOT be present in `.env` files, source code, or any client-accessible key-value store.",NetCred credentials Vault-only
Req25.AC1,25,1,"§3.12, §5.2",4;17;18,117,COVERED,the next `calculate-installment-options` or `calculate_charge_amount` execution runs,the updated rates MUST take effect immediately without Edge Function redeployment.,Rate updates without redeploy
Req25.AC2,25,2,"§3.12, §5.2",4,117,COVERED,the rows are validated,"the following keys MUST exist: `cc_visa_master_1x_rate` (2.39), `cc_visa_master_2_6x_rate` (2.59), `cc_visa_master_7_12x_rate` (2.79), `cc_elo_other_1x_rate` (2.69), `cc_elo_other_…",Required fee rate keys seeded
Req25.AC3,25,3,"§3.12, §5.2",4,117,COVERED,the rows are validated,"the following keys MUST exist: `max_charge_attempts` (3), `charge_retry_interval_minutes` (30), `payment_lease_duration_minutes` (10), `provider_onboarding_batch_size` (50), `auto_…",Operational limit keys seeded
Req25.AC4,25,4,"§3.12, §5.2",17;18,117,COVERED,an Edge Function or RPC reads it,it MUST fall back to a safe hardcoded default; the absence of a row MUST NOT cause a runtime exception; the fallback MUST be logged as a `WARN`.,Missing key safe fallback + WARN
Req25.AC5,25,5,"§3.12, §5.2",17;18,117,COVERED,`calculate_charge_amount` applies them,"the computation MUST be NetCred gross-up: `final_amount = ROUND_HALF_EVEN((base_amount + fixed fees) / (1 - rate/100), 2)`; identical between Edge Function and PostgreSQL RPC",NetCred gross-up charge formula parity
Req26.AC1,26,1,§3 (all),60,,DIVERGENT,NetCred is registered,"it MUST contain: `id` (UUID, PK), `slug` (TEXT, UNIQUE — this is the **`gateway_slug`**, e.g., `'netcred'`), `display_name`, `is_active` (BOOLEAN), `supported_methods` (TEXT[], e.g…",DIVERGENT: Req AC mentions payment_providers table; design Option A uses constants.ts — no registry table
Req26.AC2,26,2,§3 (all),6,115,COVERED,the NetCred adapter caches a JWT,"it MUST contain: `gateway_slug` (TEXT, PK or UNIQUE FK → `payment_providers.slug`), `token` (TEXT, encrypted at rest or Vault reference), `expires_at` (TIMESTAMPTZ), `refreshed_at`…",payment_gateway_tokens schema
Req26.AC3,26,3,§3 (all),7,115,COVERED,a card is tokenized,"it MUST contain: `id` (UUID, PK), `client_id` (UUID, FK → `profiles`), `provider_id` (UUID, FK → `payment_providers`), `gateway_payment_profile_id` (TEXT), `card_number_masked` (T…",client_card_tokens schema
Req26.AC4,26,4,§3 (all),9,115,COVERED,a charge is scheduled,"it MUST contain: `id` (UUID, PK), `contracted_service_id` (UUID, FK → `contracted_services.id`), `client_id` (UUID), `provider_id` (UUID, service provider), `gateway_slug` (TEXT), …",payment_schedules schema
Req26.AC5,26,5,§3 (all),10,115,COVERED,a charge attempt is made,"it MUST contain: `id` (UUID, PK), `schedule_id` (UUID, FK → `payment_schedules`), `attempt_number` (SMALLINT), `initiator` (TEXT: `'cron' | 'client'`), `initiated_at` (TIMESTAMPTZ)…",payment_attempts schema
Req26.AC6,26,6,§3 (all),11,115,COVERED,a webhook is received,"it MUST contain: `id` (UUID, PK), `gateway_slug` (TEXT), `event_type` (TEXT), `gateway_event_id` (TEXT), `raw_payload` (JSONB), `raw_headers` (JSONB), `state` (TEXT: webhook proce…",payment_webhook_events schema
Req26.AC7,26,7,§3 (all),13,115,COVERED,an audit entry is inserted,"it MUST contain: `id` (UUID, PK), `event_type` (TEXT), `entity_type` (TEXT), `entity_id` (UUID), `service_id` (UUID), `schedule_id` (UUID), `from_state` (TEXT), `to_state` (TEXT), …",payment_audit_log schema
Req26.AC8,26,8,§3 (all),8,115,COVERED,a provider's credentialing data is stored,"it MUST contain: `id` (UUID, PK), `provider_id` (UUID, FK → `profiles`), `gateway_slug` (TEXT), `document` (TEXT, CPF/CNPJ digits only), `netcred_company_id` (TEXT), `netcred_…",provider_gateway_accounts schema
Req26.AC9,26,9,§3 (all),9;10;11;13;7;8,115,COVERED,indexes are defined,"required indexes MUST include: `payment_gateway_tokens(gateway_slug)` (UNIQUE), `payment_schedules(charge_scheduled_at, state, locked_until)`, `payment_schedules(contracted_service…",Required indexes
Req27.AC1,27,1,"§4.3.2, §4.4.1",74;76,94,COVERED,the client views the checkout stepper,"the UI MUST display a disclosure block stating: (a) transactions are processed by a commercial payment partner, (b) a tappable link labeled ""Termos de Uso"" that opens the partner's…",Payment partner disclosure block
Req27.AC2,27,2,"§4.3.2, §4.4.1",76;25,94,COVERED,the acceptance is processed server-side,"`payment_audit_log` MUST record `event_type = 'PAYMENT_TERMS_ACCEPTED'`, `actor = 'client'`, `actor_id = auth.uid()`, `metadata = { gateway_slug: 'netcred', timestamp }`.",PAYMENT_TERMS_ACCEPTED server audit
Req27.AC3,27,3,"§4.3.2, §4.4.1",75,94,COVERED,all installment options are rendered,"for each installment count `n`, the UI MUST show: `{n}x de R$ {installment_amount}` AND `Total com taxas: R$ {total_with_fees}`; a fee disclosure note MUST explain that applicable …",Installment display with total_with_fees
Req27.AC4,27,4,"§4.3.2, §4.4.1",76;25,95,COVERED,the confirmation summary is rendered,"the UI MUST disclose when the card will be charged: (a) if `payment_service_execution_at(contracted_services) - now() >= 48 hours`, display the `charge_scheduled_at` date (48 hours…",Charge timing disclosure before confirm
Req28.AC1,28,1,"§3.3, §5.2",78,94,COVERED,the payment methods section renders,"the UI MUST display all `payment_tokens` records WHERE `client_id = auth.uid()` AND `state = 'ACTIVE'`, showing: masked card number (`•••• XXXX`), card brand icon, expiry month/yea…",Profile list ACTIVE tokens
Req28.AC2,28,2,"§3.3, §5.2",78;64,94,COVERED,the add card form is shown,the shared card input component from the `payments` feature MUST be reused; duplicate card form components MUST NOT exist; the same `tokenize-payment-card` Edge Function MUST be ca…,Shared card component + tokenize EF
Req28.AC3,28,3,"§3.3, §5.2",22;78,94,COVERED,the card is linked to a `payment_schedules` record in `SCHEDULED` or `FAILED` state,the UI MUST warn the client that removal will affect a pending service payment; the client MUST be required to assign a replacement card to the affected service before removal is p…,Block revoke with linked SCHEDULED/FAILED
Req28.AC4,28,4,"§3.3, §5.2",22,94,COVERED,the removal is confirmed,`payment_tokens.state` MUST be set to `REVOKED`; the card MUST disappear from the profile list; no gateway API call is required for removal (the token remains valid at NetCred but …,Revoke → REVOKED local only
Req29.AC1,29,1,"§4.1.1, §1.7.6",26,115,COVERED,any opportunity-listing RPC is called,"the RPC (`match_provider_jobs` and all variants) MUST return an empty result set; this enforcement MUST be in the Postgres RPC (`SECURITY DEFINER`), not only in client-side renderi…",match_provider_jobs gate
Req29.AC2,29,2,"§4.1.1, §1.7.6",27,115,COVERED,they attempt to initiate a chat with a client,the chat initiation RPC MUST be denied with `error_code: 'PROVIDER_NOT_CREDENTIALED'`; no chat thread MUST be created; the app MUST display the credentialing progress screen.,Chat initiation gate
Req29.AC3,29,3,"§4.1.1, §1.7.6",25,117,COVERED,`accept_proposal` is called on their behalf,the RPC MUST return `error_code: 'PROVIDER_NOT_CREDENTIALED'` (HTTP 409); the acceptance MUST NOT proceed.,accept_proposal provider ACTIVE check
Req29.AC4,29,4,"§4.1.1, §1.7.6",42;109,122,COVERED,the next app session begins,the opportunities list MUST populate; a Push notification MUST be dispatched to the provider confirming successful credentialing and ability to accept service requests.,Activation push on credentialing
Req29.AC5,29,5,"§4.1.1, §1.7.6",26;27;88,115,COVERED,"they call any opportunity-listing, chat-initiation, or proposal-acceptance RPC",the RPC MUST deny access identically to `PENDING_DOCUMENTS`; a suspension-specific message MUST be shown in the UI with support contact information; existing `CONFIRMED`/`EXECUTED`…,SUSPENDED same denial as pending
Req29.AC6,29,6,"§4.1.1, §1.7.6",88;44;28,119,COVERED,pre-charge services (`PENDING_PAYMENT`) were frozen during suspension,"charging MUST NOT automatically resume; ops resolves each frozen service case by case (e.g., cancel, reschedule, or manually trigger charge); the cron MUST continue to skip schedul…",No auto-resume charge after reactivation — ops manual
Req30.AC1,30,1,"§3.10, §4.5.2",14;85;29;35,115,COVERED,the event is committed to the database,"a corresponding INSERT MUST be made to `payment_events` with: `event_type`, `aggregate_type` (`'payment_schedule' | 'payment_token' | 'provider_account'`), `aggregate_id`, `service…",payment_events on domain transitions
Req30.AC2,30,2,"§3.10, §4.5.2",31;126,122,COVERED,`ChargeSucceeded` or `ChargeFailed` events are available,the dispatcher MUST enqueue the appropriate notification without the payment execution cron coupling directly to the notification API; decoupling MUST allow notifications to fail w…,MMD decoupled from charge TX
Req30.AC3,30,3,"§3.10, §4.5.2",14;85,,PARTIAL,aggregate metrics are computed,"it MUST be possible to derive: approval rate (PAID / total `ChargeAttemptStarted`), failure rate by error code, mean and P95 gateway latency from `payment_attempts`, refund rate pe…",GAP: analytics derivation from payment_events — post-MVP consumer
Req31.AC1,31,1,"§4.2.2, §4.11",73,94,COVERED,the React component mounts,the frontend MUST generate a UUID v4 as `clearsaleSessionId` and store it in the stepper's local state; this value MUST remain stable for the entire checkout session (MUST NOT rege…,UUID v4 on card step mount; stable in session
Req31.AC2,31,2,"§4.2.2, §4.11",73,94,COVERED,the component runs its initialization effect,"the ClearSale Browser/WebView SDK script MUST be injected into the document using the async loader pattern: ```js (function (a, b, c, d, e, f, g) { a['CsdpObject'] = e; a[e] = a[e]…",Async fp.js injection pattern
Req31.AC3,31,3,"§4.2.2, §4.11",73,94,COVERED,the card step renders inside the WebView,"the Browser/WebView SDK MUST be used (NOT the React Native SDK); the Capacitor WebView executes standard web JavaScript, so `fp.js` applies identically to both web/PWA and Android …",Capacitor WebView Browser SDK
Req31.AC4,31,4,"§4.2.2, §4.11",114,94,COVERED,the SDK is initialized,"the AppKey MUST be read from `VITE_CLEARSALE_APP_KEY` (non-secret, safe to expose in web bundles — it only identifies the application, it does not authenticate it); it MUST NOT be …",VITE_CLEARSALE_APP_KEY from env
Req31.AC5,31,5,"§4.2.2, §4.11",73,94,COVERED,the card step renders again,"a NEW `clearsaleSessionId` MUST be generated; the ClearSale documentation explicitly states that the `sessionId` must be updated whenever the user leaves the checkout and returns, …",New UUID on checkout re-entry
Req31.AC6,31,6,"§4.2.2, §4.11",25;76,95,COVERED,"the client taps ""Confirm"" to submit `accept_proposal`",`clearsale_session_id` (the UUID generated at the card step) MUST be included in the `accept_proposal` Edge Function request payload; the Edge Function MUST persist this value in `…,clearsale_session_id in accept_proposal RPC payload
Req31.AC7,31,7,"§4.2.2, §4.11",25;76,95,COVERED,it captures the client IP address,"the Edge Function MUST extract the client IP from the request's `X-Forwarded-For` header (first value) or `CF-Connecting-IP` header (Cloudflare/Supabase), falling back to the remot…",Design: p_client_ip via RPC param not EF — Req text says EF
Req31.AC8,31,8,"§4.2.2, §4.11",65;29,122,COVERED,it assembles the `chargeCreate` input payload,it MUST set: `orderInput.sessionId = payment_schedules.clearsale_session_id` (if non-null); `customerIpAddress = payment_schedules.client_ip_address` (if non-null); `orderInput.ref…,chargeCreate sessionId + customerIp from schedule row
Req31.AC9,31,9,"§4.2.2, §4.11",73;79;66,96,COVERED,the client initiates a manual charge from the service detail screen,the manual payment UI MUST initialize the ClearSale SDK on the payment confirmation screen with a FRESH UUID as the new `clearsaleSessionId`; the `manual-charge-payment` Edge Funct…,Manual payment fresh ClearSale UUID
Req31.AC10,31,10,"§4.2.2, §4.11",35;9,118,COVERED,the schedule is in `IN_ANALYSIS` state,the `clearsale_session_id` MUST remain in `payment_schedules` for potential reconciliation reference; it MUST NOT be cleared until the schedule reaches a terminal state.,Keep clearsale_session_id through IN_ANALYSIS
Req31.AC11,31,11,"§4.2.2, §4.11",64;74,94,COVERED,`paymentProfileCreate` is called for tokenization,"`billingAddressInput` MUST always be included in production; if the billing address was not collected during the checkout stepper, the tokenization MUST fail at the validation laye…",billingAddress required before tokenize
Req31.AC12,31,12,"§4.2.2, §4.11",114;90,,PARTIAL,the Prestway team sets up the integration,the `VITE_CLEARSALE_APP_KEY` MUST be obtained directly from ClearSale (separate from the NetCred relationship); the AppKey is environment-specific (sandbox AppKey ≠ production AppK…,GAP: ops confirmation ClearSale sandbox AppKey with NetCred — runbook only
Req32.AC1,32,1,§4.13,48;80,94,COVERED,the provider marks the service as executed,"the system MUST verify `scheduled_start_date <= CURRENT_DATE` (date-only comparison, no time component); if the scheduled date is in the future, the RPC MUST return HTTP 409 with `…",Provider mark EXECUTED date gate
Req32.AC2,32,2,§4.13,108;80,94,COVERED,the client explicitly confirms service delivery,"the system MUST atomically: (1) transition `contracted_services.status = 'COMPLETED'`, `completed_at = now()`, `completed_by = 'client'`; (2) insert a `payment_audit_log` entry for…",Client confirm COMPLETED
Req32.AC3,32,3,§4.13,47;54,119,COVERED,the `auto-complete-executed-services` cron fires,"the system MUST atomically: (1) transition `contracted_services.status = 'COMPLETED'`, `completed_at = now()`, `completed_by = 'system'`; (2) insert a `payment_audit_log` entry for…",Auto-complete after 24h system
Req32.AC4,32,4,§4.13,47;108,119,COVERED,`payment_schedules.is_disputed = true` (chargeback in progress),the service status MUST NOT be blocked by the dispute; transition to `COMPLETED` proceeds normally via client confirmation or auto-completion; dispute resolution is handled separat…,Dispute does not block completion
Req32.AC5,32,5,§4.13,112;81,94,COVERED,the UI renders payout information,it MUST show estimated bank receipt ~D+30 from `paid_at` and MUST NOT imply that `COMPLETED` triggers bank transfer.,D+30 settlement disclosure from paid_at
Req32.AC6,32,6,§4.13,48,94,COVERED,`contracted_services.status ≠ 'CONFIRMED'`,the RPC MUST return HTTP 409 with `error_code: 'INVALID_STATUS_TRANSITION'`; the operation MUST NOT proceed.,INVALID_STATUS_TRANSITION guard
Req33.AC1,33,1,§4.10,45;46;53,119,COVERED,it selects eligible schedules,it MUST select `payment_schedules` WHERE `state = 'SCHEDULED'` AND `upcoming_charge_notified_at IS NULL` AND `charge_scheduled_at - now() <= interval '24 hours'` AND `charge_schedu…,Claim SCHEDULED within 24h of charge_scheduled_at
Req33.AC2,33,2,§4.10,45;53;126,119,COVERED,notification is dispatched,"the system MUST enqueue Push + Email to the client with: service summary, `charge_scheduled_at` date/time, amount to be charged (fee-inclusive), and links to update payment method …",Client Push+Email; no provider notification
Req33.AC3,33,3,§4.10,45;53,119,COVERED,the cron commits,`payment_schedules.upcoming_charge_notified_at` MUST be set to `now()` atomically in the same transaction; duplicate notifications for the same schedule MUST be prevented by this f…,Set upcoming_charge_notified_at atomically
Req33.AC4,33,4,§4.10,45;53,119,COVERED,the pre-charge notification cron evaluates the schedule,the 24h-before-charge notification MUST NOT be sent (charge occurs within hours; checkout disclosure at acceptance is sufficient).,Skip when emergency scheduling
Req33.AC5,33,5,§4.10,24;86,119,COVERED,`CHARGE_RESCHEDULED` is committed,`upcoming_charge_notified_at` MUST be reset to NULL so a new 24h notification can fire for the updated charge date.,Reset upcoming_charge_notified_at on reschedule
Req33.AC6,33,6,§4.10,23,119,COVERED,the update is persisted on a `SCHEDULED` schedule,`upcoming_charge_notified_at` MUST NOT be reset; the existing notification remains valid.,payment_update_method does NOT reset notified_at
